id,user_id,type,street_number,street_name,street_suffix,line_2,city,state,country,zip
1,477,mailing,31,Ronald Regan,Pass,Apt 1822,Anchorage,Alaska,United States,99522
2,471,billing,98808,Grim,Hill,Apt 114,Hyattsville,Maryland,United States,20784
3,873,shipping,69018,Coleman,Crossing,Room 1601,Washington,District of Columbia,United States,20404
4,620,shipping,191,Chinook,Hill,20th Floor,Atlanta,Georgia,United States,31119
5,29,shipping,862,Valley Edge,Road,Apt 879,Saint Louis,Missouri,United States,63116
6,5,mailing,63403,Forest,Pass,Apt 1464,Dallas,Texas,United States,75287
7,624,shipping,7157,Fieldstone,Hill,18th Floor,Tulsa,Oklahoma,United States,74141
8,167,shipping,854,Melvin,Avenue,PO Box 44167,Saint Petersburg,Florida,United States,33731
9,705,mailing,53,Transport,Circle,Suite 78,Jamaica,New York,United States,11470
10,584,shipping,89339,Maple Wood,Junction,7th Floor,Saint Paul,Minnesota,United States,55188
11,841,shipping,0346,Macpherson,Terrace,2nd Floor,Lehigh Acres,Florida,United States,33972
12,754,billing,72,Clemons,Plaza,3rd Floor,Columbus,Ohio,United States,43231
13,439,billing,64360,Fordem,Street,PO Box 40387,Metairie,Louisiana,United States,70005
14,707,mailing,8095,Sycamore,Lane,Suite 76,Saint Paul,Minnesota,United States,55108
15,520,shipping,561,Everett,Pass,Apt 1676,New Orleans,Louisiana,United States,70179
16,867,billing,58,Fieldstone,Terrace,Room 1145,Omaha,Nebraska,United States,68134
17,923,mailing,068,Burrows,Junction,Apt 361,Springfield,Massachusetts,United States,01114
18,664,shipping,16,Melvin,Park,Room 1352,Huntsville,Alabama,United States,35805
19,660,mailing,4,Prairieview,Crossing,16th Floor,San Jose,California,United States,95113
20,902,billing,15629,Farragut,Circle,Suite 44,Migrate,Kentucky,United States,41905
21,273,mailing,9581,Fulton,Alley,PO Box 36570,Little Rock,Arkansas,United States,72215
22,249,mailing,132,Center,Point,17th Floor,Sacramento,California,United States,94263
23,868,shipping,719,Carberry,Circle,Apt 1871,Sacramento,California,United States,94237
24,166,shipping,626,Blackbird,Circle,Room 427,Lincoln,Nebraska,United States,68583
25,796,billing,70189,Northview,Trail,PO Box 16740,Jacksonville,Florida,United States,32259
26,611,shipping,1147,Manley,Plaza,Suite 95,El Paso,Texas,United States,79968
27,451,shipping,59,Farwell,Place,Apt 1374,Huntington,West Virginia,United States,25721
28,691,shipping,93970,Scott,Pass,Room 390,San Diego,California,United States,92115
29,81,billing,3516,Nova,Street,PO Box 98334,Lexington,Kentucky,United States,40581
30,856,mailing,55627,Summit,Point,PO Box 48924,New York City,New York,United States,10275
31,178,mailing,6,Bonner,Lane,Room 809,Petaluma,California,United States,94975
32,675,billing,81614,Sheridan,Alley,Room 1832,Everett,Washington,United States,98206
33,958,shipping,7263,Toban,Hill,Room 1606,New York City,New York,United States,10292
34,204,mailing,6511,Hanson,Parkway,PO Box 15757,Peoria,Illinois,United States,61640
35,375,billing,60594,Meadow Vale,Plaza,PO Box 42168,Albany,New York,United States,12247
36,502,shipping,87476,Buhler,Pass,PO Box 36140,Columbus,Georgia,United States,31904
37,173,billing,20,Corry,Crossing,Suite 7,Greensboro,North Carolina,United States,27425
38,719,mailing,9,Bartelt,Avenue,PO Box 38625,San Francisco,California,United States,94116
39,593,shipping,44,Veith,Center,Room 835,Saint Augustine,Florida,United States,32092
40,868,mailing,05,Lakewood,Street,12th Floor,Washington,District of Columbia,United States,20099
41,313,shipping,38278,Merry,Parkway,Apt 406,Augusta,Georgia,United States,30919
42,475,mailing,739,Bashford,Avenue,PO Box 76839,Marietta,Georgia,United States,30066
43,973,billing,783,Starling,Avenue,Suite 61,Mc Keesport,Pennsylvania,United States,15134
44,885,billing,52058,Stephen,Pass,Room 971,Lexington,Kentucky,United States,40576
45,143,shipping,5243,Amoth,Terrace,Apt 1712,Hartford,Connecticut,United States,06160
46,575,mailing,06531,Leroy,Drive,6th Floor,Johnstown,Pennsylvania,United States,15906
47,938,shipping,36786,Fallview,Trail,Apt 608,Charleston,West Virginia,United States,25336
48,439,billing,4,Roxbury,Trail,14th Floor,Memphis,Tennessee,United States,38136
49,822,billing,804,Mendota,Trail,Suite 28,Fresno,California,United States,93786
50,981,mailing,44,Esker,Road,Suite 88,Albuquerque,New Mexico,United States,87121
51,347,billing,177,Kenwood,Road,Suite 43,Omaha,Nebraska,United States,68110
52,590,shipping,833,Riverside,Place,Room 1628,Chicago,Illinois,United States,60624
53,941,shipping,55939,Monterey,Crossing,Apt 893,New Haven,Connecticut,United States,06505
54,284,billing,495,Dixon,Point,2nd Floor,Charlotte,North Carolina,United States,28272
55,17,mailing,67315,Shoshone,Drive,6th Floor,Houston,Texas,United States,77015
56,835,mailing,631,Corry,Lane,PO Box 22507,Lincoln,Nebraska,United States,68524
57,621,shipping,9,High Crossing,Alley,Room 1815,Albany,New York,United States,12247
58,948,billing,6757,Texas,Road,PO Box 32152,Shawnee Mission,Kansas,United States,66205
59,103,shipping,31,Springview,Parkway,PO Box 46432,Roanoke,Virginia,United States,24009
60,558,billing,6774,Continental,Trail,Room 514,Annapolis,Maryland,United States,21405
61,683,billing,75,Mifflin,Trail,Room 1323,Wilkes Barre,Pennsylvania,United States,18706
62,550,mailing,88,Holy Cross,Parkway,Suite 33,Chicago,Illinois,United States,60681
63,609,mailing,08736,Vermont,Point,20th Floor,Orlando,Florida,United States,32891
64,165,billing,8382,Calypso,Circle,18th Floor,Columbus,Georgia,United States,31904
65,417,mailing,674,Washington,Circle,8th Floor,Shreveport,Louisiana,United States,71105
66,555,shipping,407,Blaine,Plaza,Room 1508,Reno,Nevada,United States,89550
67,418,shipping,39,Mosinee,Center,Room 1497,Albuquerque,New Mexico,United States,87190
68,660,billing,72,Golf,Place,PO Box 76084,Marietta,Georgia,United States,30061
69,218,billing,78,Namekagon,Parkway,PO Box 48943,Las Vegas,Nevada,United States,89135
70,904,shipping,97,Iowa,Circle,Room 1753,Gadsden,Alabama,United States,35905
71,985,mailing,56,Harbort,Junction,Apt 291,Stamford,Connecticut,United States,06912
72,197,shipping,91938,Golf,Avenue,Room 877,Saint Petersburg,Florida,United States,33742
73,815,mailing,50313,Welch,Lane,11th Floor,Columbus,Ohio,United States,43220
74,7,mailing,3,Sunfield,Avenue,Apt 1586,Charleston,West Virginia,United States,25362
75,480,mailing,56,Morningstar,Junction,19th Floor,Canton,Ohio,United States,44710
76,502,mailing,184,Stuart,Crossing,PO Box 87051,Utica,New York,United States,13505
77,909,billing,83242,Briar Crest,Trail,Suite 63,Jackson,Mississippi,United States,39216
78,848,shipping,8737,Basil,Street,PO Box 7862,Saint Paul,Minnesota,United States,55103
79,692,shipping,63788,Memorial,Plaza,3rd Floor,Lexington,Kentucky,United States,40576
80,669,mailing,91,Lakewood,Trail,14th Floor,Los Angeles,California,United States,90065
81,763,mailing,1,Service,Center,Apt 1299,Memphis,Tennessee,United States,38161
82,373,shipping,79,Schmedeman,Crossing,17th Floor,Sarasota,Florida,United States,34238
83,652,mailing,77998,Homewood,Crossing,15th Floor,Racine,Wisconsin,United States,53405
84,541,shipping,983,Scoville,Court,Apt 1656,Terre Haute,Indiana,United States,47812
85,173,shipping,37017,Caliangt,Crossing,Apt 25,New York City,New York,United States,10249
86,273,shipping,5109,American,Court,Suite 48,Atlanta,Georgia,United States,30380
87,54,shipping,832,Manitowish,Terrace,Room 1830,Lincoln,Nebraska,United States,68510
88,624,mailing,6,Nancy,Lane,Room 276,Oklahoma City,Oklahoma,United States,73135
89,27,shipping,0,Florence,Junction,11th Floor,Pensacola,Florida,United States,32590
90,109,billing,51,Kensington,Road,Suite 4,San Diego,California,United States,92115
91,795,shipping,07,Melody,Point,Suite 25,Clearwater,Florida,United States,33758
92,207,shipping,30,Morning,Circle,Room 1798,Providence,Rhode Island,United States,02912
93,973,shipping,064,Loeprich,Lane,PO Box 86975,Oklahoma City,Oklahoma,United States,73157
94,440,shipping,602,Lakewood Gardens,Court,Apt 780,Trenton,New Jersey,United States,08608
95,60,mailing,69,Melrose,Way,Apt 422,Jamaica,New York,United States,11447
96,304,shipping,3144,Anhalt,Drive,16th Floor,Houston,Texas,United States,77299
97,818,billing,9,Spenser,Junction,3rd Floor,El Paso,Texas,United States,88530
98,884,shipping,933,Shopko,Point,17th Floor,Pocatello,Idaho,United States,83206
99,529,shipping,120,Fulton,Street,Room 284,Los Angeles,California,United States,90065
100,243,mailing,3628,Sheridan,Hill,Room 443,Bryan,Texas,United States,77806
101,800,shipping,233,Farmco,Road,Room 643,Columbia,Missouri,United States,65218
102,247,mailing,3969,Huxley,Hill,3rd Floor,San Francisco,California,United States,94110
103,910,billing,05,Mitchell,Park,Apt 1631,Killeen,Texas,United States,76544
104,135,billing,160,Springs,Hill,Apt 106,Anaheim,California,United States,92812
105,312,shipping,023,Oneill,Circle,4th Floor,Dallas,Texas,United States,75236
106,548,shipping,85,Elgar,Place,9th Floor,Atlanta,Georgia,United States,31119
107,787,mailing,7454,Eagan,Lane,Suite 62,Monroe,Louisiana,United States,71208
108,934,mailing,01,Derek,Lane,PO Box 61214,Newark,New Jersey,United States,07104
109,141,mailing,2,Red Cloud,Alley,Apt 158,Scottsdale,Arizona,United States,85260
110,375,shipping,323,Judy,Avenue,13th Floor,Indianapolis,Indiana,United States,46266
111,27,mailing,9,Kedzie,Circle,Suite 67,Columbia,Missouri,United States,65218
112,82,billing,59,Reinke,Terrace,PO Box 7888,Baltimore,Maryland,United States,21229
113,335,shipping,525,Maywood,Pass,12th Floor,Saint Louis,Missouri,United States,63126
114,152,shipping,99171,Elmside,Lane,PO Box 96384,New York City,New York,United States,10131
115,743,mailing,6,Lakeland,Junction,Apt 403,El Paso,Texas,United States,79950
116,72,billing,15,Clarendon,Avenue,Apt 478,Clearwater,Florida,United States,34629
117,769,shipping,149,Killdeer,Center,Apt 970,Los Angeles,California,United States,90087
118,450,shipping,4,Carberry,Alley,PO Box 21016,Houston,Texas,United States,77212
119,939,billing,15,Loeprich,Place,Suite 72,Washington,District of Columbia,United States,20591
120,33,billing,65525,Mendota,Drive,Apt 493,Cincinnati,Ohio,United States,45223
121,1,shipping,17782,Carberry,Court,Suite 91,Boise,Idaho,United States,83705
122,854,shipping,24,Elka,Park,13th Floor,Philadelphia,Pennsylvania,United States,19196
123,931,shipping,77,Summerview,Place,19th Floor,New York City,New York,United States,10029
124,431,mailing,007,Namekagon,Parkway,10th Floor,Chicago,Illinois,United States,60697
125,90,mailing,63,Old Gate,Pass,13th Floor,Boston,Massachusetts,United States,02283
126,283,shipping,15261,Crest Line,Plaza,Room 1131,Bronx,New York,United States,10454
127,465,shipping,336,Kenwood,Avenue,PO Box 37079,Tacoma,Washington,United States,98464
128,442,mailing,4493,Kensington,Street,Apt 878,Sacramento,California,United States,95818
129,946,mailing,16343,Holy Cross,Way,Room 914,Hagerstown,Maryland,United States,21747
130,823,shipping,5,Cottonwood,Crossing,PO Box 18053,Washington,District of Columbia,United States,20036
131,181,billing,56430,Rockefeller,Street,3rd Floor,Washington,District of Columbia,United States,20551
132,370,mailing,1228,Mendota,Trail,Apt 800,North Las Vegas,Nevada,United States,89036
133,996,shipping,1,Sullivan,Court,2nd Floor,Washington,District of Columbia,United States,20210
134,325,billing,8707,Green,Drive,Apt 108,El Paso,Texas,United States,88584
135,136,mailing,7,Ohio,Way,Apt 863,Decatur,Illinois,United States,62525
136,562,shipping,3,Arrowood,Lane,Apt 28,Atlanta,Georgia,United States,30343
137,704,shipping,81730,Aberg,Court,6th Floor,Seattle,Washington,United States,98140
138,453,mailing,81,Mayfield,Junction,Room 926,Watertown,Massachusetts,United States,02472
139,289,billing,7,Glacier Hill,Plaza,Suite 6,Jersey City,New Jersey,United States,07305
140,487,shipping,155,Blue Bill Park,Park,15th Floor,Washington,District of Columbia,United States,20530
141,488,mailing,43,Bellgrove,Crossing,17th Floor,Woburn,Massachusetts,United States,01813
142,682,billing,848,Loftsgordon,Way,Room 1967,Gadsden,Alabama,United States,35905
143,703,shipping,5718,Crest Line,Street,Suite 42,San Jose,California,United States,95155
144,155,shipping,3,Merrick,Center,PO Box 81729,Monroe,Louisiana,United States,71213
145,175,billing,492,Norway Maple,Way,Apt 940,Richmond,Virginia,United States,23225
146,539,mailing,305,Chinook,Center,Suite 14,Sioux City,Iowa,United States,51110
147,871,mailing,8,Fairview,Lane,Suite 7,West Hartford,Connecticut,United States,06127
148,81,shipping,588,Dexter,Center,PO Box 41134,Charleston,West Virginia,United States,25313
149,605,billing,335,Trailsway,Avenue,Apt 868,Reno,Nevada,United States,89595
150,666,mailing,3,Eliot,Terrace,Apt 540,Winston Salem,North Carolina,United States,27110
151,392,mailing,165,Autumn Leaf,Trail,PO Box 29948,Pittsburgh,Pennsylvania,United States,15250
152,213,shipping,0,Bunting,Drive,Suite 5,Philadelphia,Pennsylvania,United States,19115
153,634,shipping,595,Schmedeman,Alley,1st Floor,Amarillo,Texas,United States,79118
154,423,mailing,1873,Arapahoe,Circle,Apt 510,Panama City,Florida,United States,32412
155,417,mailing,7,Holy Cross,Street,7th Floor,Hampton,Virginia,United States,23668
156,253,mailing,6718,Laurel,Road,9th Floor,Bethesda,Maryland,United States,20816
157,353,billing,1997,Dahle,Trail,Apt 1600,Charlottesville,Virginia,United States,22908
158,278,mailing,6,Annamark,Road,Room 1604,Savannah,Georgia,United States,31416
159,245,shipping,7027,Kings,Circle,Room 1556,Tucson,Arizona,United States,85720
160,993,shipping,09,Sommers,Trail,Room 1232,Vienna,Virginia,United States,22184
161,376,billing,54721,Bellgrove,Trail,Suite 22,Dayton,Ohio,United States,45454
162,193,mailing,38,Ludington,Pass,Suite 77,Boston,Massachusetts,United States,02109
163,809,billing,329,Jackson,Point,Suite 93,Portsmouth,New Hampshire,United States,03804
164,145,billing,366,Killdeer,Avenue,Room 1449,Sacramento,California,United States,94230
165,793,mailing,976,Schurz,Place,Room 276,San Diego,California,United States,92176
166,279,billing,65315,6th,Alley,Suite 10,South Bend,Indiana,United States,46614
167,735,mailing,4929,Spohn,Way,9th Floor,Atlanta,Georgia,United States,30356
168,396,shipping,58,Doe Crossing,Plaza,Apt 1355,Huntsville,Alabama,United States,35815
169,115,shipping,2,Thackeray,Pass,10th Floor,Miami,Florida,United States,33111
170,216,billing,4583,Eagan,Terrace,Room 740,Philadelphia,Pennsylvania,United States,19184
171,44,billing,3,Debra,Lane,PO Box 47034,Birmingham,Alabama,United States,35279
172,934,billing,5920,Norway Maple,Center,Apt 1009,Bronx,New York,United States,10459
173,885,mailing,65,Lien,Trail,7th Floor,Minneapolis,Minnesota,United States,55487
174,744,shipping,76241,Bunker Hill,Avenue,PO Box 46769,Washington,District of Columbia,United States,20215
175,406,mailing,109,Ludington,Center,Suite 46,Miami,Florida,United States,33124
176,859,mailing,14,8th,Lane,PO Box 19101,Fort Wayne,Indiana,United States,46896
177,594,billing,2870,Knutson,Pass,Suite 27,Boise,Idaho,United States,83757
178,498,mailing,94,Bonner,Hill,Room 1474,Pasadena,Texas,United States,77505
179,476,billing,7330,1st,Point,Suite 3,New York City,New York,United States,10099
180,415,shipping,189,Southridge,Court,10th Floor,Miami,Florida,United States,33124
181,682,mailing,4949,Hermina,Plaza,Apt 159,Atlanta,Georgia,United States,30316
182,650,shipping,51,Swallow,Alley,Apt 147,Hartford,Connecticut,United States,06183
183,42,shipping,8811,Walton,Hill,18th Floor,Dallas,Texas,United States,75231
184,707,shipping,0,Center,Crossing,Suite 43,Lynn,Massachusetts,United States,01905
185,108,billing,4812,Fremont,Avenue,Apt 376,Peoria,Arizona,United States,85383
186,197,mailing,38,Mosinee,Center,Suite 68,Greenville,South Carolina,United States,29615
187,111,mailing,71,Sunfield,Point,Suite 27,El Paso,Texas,United States,79994
188,556,shipping,8,Fieldstone,Lane,Suite 23,Kansas City,Missouri,United States,64187
189,749,mailing,397,Logan,Point,Apt 1055,Chicago,Illinois,United States,60641
190,32,billing,06291,Paget,Park,1st Floor,Kalamazoo,Michigan,United States,49006
191,491,mailing,9,Westend,Parkway,5th Floor,Nashville,Tennessee,United States,37240
192,293,shipping,7049,Welch,Lane,Room 249,Annapolis,Maryland,United States,21405
193,639,shipping,52,Arapahoe,Lane,Suite 2,Lexington,Kentucky,United States,40581
194,838,shipping,7083,Twin Pines,Park,Apt 24,Peoria,Illinois,United States,61640
195,641,mailing,6930,Chive,Point,18th Floor,Salt Lake City,Utah,United States,84152
196,962,shipping,8,Kipling,Place,Room 137,Saint Louis,Missouri,United States,63180
197,808,mailing,5542,Monterey,Street,PO Box 48559,Pasadena,California,United States,91186
198,518,billing,02172,Maryland,Circle,Apt 61,Rochester,New York,United States,14619
199,139,mailing,90358,Briar Crest,Pass,PO Box 3919,Cincinnati,Ohio,United States,45999
200,951,billing,6,Sloan,Crossing,PO Box 91481,New Orleans,Louisiana,United States,70187
201,336,mailing,957,Forest Run,Circle,Suite 4,Cincinnati,Ohio,United States,45264
202,315,billing,3829,Derek,Pass,Suite 54,El Paso,Texas,United States,79955
203,629,mailing,4,Norway Maple,Road,Room 1777,Flushing,New York,United States,11388
204,537,mailing,71172,Cherokee,Alley,PO Box 76539,Pittsburgh,Pennsylvania,United States,15215
205,900,mailing,15,Cherokee,Point,PO Box 31666,Kansas City,Missouri,United States,64142
206,502,billing,983,Hooker,Street,Apt 1891,Frederick,Maryland,United States,21705
207,854,shipping,2,Hayes,Parkway,Room 311,Cincinnati,Ohio,United States,45243
208,715,mailing,3891,Dawn,Way,Room 1569,Minneapolis,Minnesota,United States,55441
209,792,billing,34772,Maple,Street,4th Floor,Winston Salem,North Carolina,United States,27116
210,480,shipping,49903,Rusk,Plaza,PO Box 87185,Gary,Indiana,United States,46406
211,716,shipping,235,Nancy,Alley,Room 831,Akron,Ohio,United States,44315
212,858,shipping,38,Cody,Hill,Room 1329,Toledo,Ohio,United States,43615
213,407,shipping,41,Mcguire,Center,1st Floor,Milwaukee,Wisconsin,United States,53210
214,77,billing,550,Cottonwood,Terrace,Apt 957,Washington,District of Columbia,United States,20425
215,417,billing,85,Fairview,Center,Room 276,Philadelphia,Pennsylvania,United States,19093
216,327,shipping,433,Vahlen,Alley,Suite 30,Hartford,Connecticut,United States,06152
217,703,shipping,7335,Emmet,Hill,Suite 11,Grand Rapids,Michigan,United States,49518
218,158,shipping,74,Stone Corner,Place,PO Box 80760,West Hartford,Connecticut,United States,06127
219,866,shipping,960,Ridge Oak,Plaza,2nd Floor,Saint Paul,Minnesota,United States,55188
220,838,billing,902,Anderson,Parkway,Apt 448,Seattle,Washington,United States,98195
221,895,mailing,814,Messerschmidt,Place,Room 443,Maple Plain,Minnesota,United States,55579
222,453,billing,4,Reindahl,Drive,PO Box 11635,Fargo,North Dakota,United States,58122
223,42,billing,283,Eagan,Parkway,Suite 43,Tempe,Arizona,United States,85284
224,722,billing,444,Carioca,Circle,PO Box 83790,El Paso,Texas,United States,88519
225,756,shipping,80,Kings,Court,12th Floor,Memphis,Tennessee,United States,38114
226,145,mailing,7149,Park Meadow,Drive,PO Box 1552,San Antonio,Texas,United States,78215
227,596,shipping,72147,Nelson,Plaza,Room 629,Decatur,Georgia,United States,30033
228,697,shipping,78294,Sutherland,Way,PO Box 92498,Baton Rouge,Louisiana,United States,70836
229,33,billing,122,Superior,Street,Apt 1636,Lubbock,Texas,United States,79415
230,588,shipping,08984,Northport,Hill,Room 707,Birmingham,Alabama,United States,35263
231,378,billing,6,Ilene,Alley,PO Box 58435,Mountain View,California,United States,94042
232,982,mailing,754,Rockefeller,Road,PO Box 21362,Columbus,Georgia,United States,31904
233,2,mailing,6884,Weeping Birch,Pass,Suite 92,Hicksville,New York,United States,11854
234,709,shipping,55,Erie,Trail,Room 399,Washington,District of Columbia,United States,20456
235,8,billing,6377,Straubel,Lane,Apt 184,San Francisco,California,United States,94154
236,207,billing,918,Petterle,Plaza,Suite 26,Reading,Pennsylvania,United States,19610
237,810,billing,29,Moulton,Way,Suite 98,Brooklyn,New York,United States,11247
238,761,shipping,198,Stuart,Pass,Room 1129,Saint Paul,Minnesota,United States,55108
239,41,mailing,26010,3rd,Crossing,Room 1573,Herndon,Virginia,United States,22070
240,14,mailing,574,5th,Place,Room 238,Madison,Wisconsin,United States,53726
241,96,billing,216,Golf Course,Plaza,Room 2000,Gulfport,Mississippi,United States,39505
242,967,billing,80942,Oakridge,Junction,PO Box 11580,Washington,District of Columbia,United States,20337
243,243,mailing,09,Old Shore,Lane,PO Box 22001,Jamaica,New York,United States,11480
244,17,shipping,68,Hoepker,Terrace,Room 549,Biloxi,Mississippi,United States,39534
245,300,mailing,19,Melby,Place,Room 924,Washington,District of Columbia,United States,20456
246,205,shipping,5,Oneill,Street,Suite 53,San Francisco,California,United States,94132
247,634,shipping,32,Brickson Park,Lane,Suite 58,Memphis,Tennessee,United States,38181
248,396,shipping,1,Golf View,Parkway,Suite 44,New Orleans,Louisiana,United States,70187
249,949,billing,901,Sherman,Terrace,2nd Floor,Colorado Springs,Colorado,United States,80910
250,337,billing,8394,Gateway,Place,Apt 983,Washington,District of Columbia,United States,20205
251,271,billing,6663,Wayridge,Pass,Room 1555,Corona,California,United States,92883
252,672,billing,4,Lawn,Lane,3rd Floor,Washington,District of Columbia,United States,20036
253,956,billing,04,Farmco,Place,20th Floor,New York City,New York,United States,10079
254,657,shipping,192,Old Gate,Road,Suite 11,Washington,District of Columbia,United States,20566
255,514,mailing,583,School,Hill,Suite 97,Oklahoma City,Oklahoma,United States,73197
256,789,mailing,131,Anderson,Trail,Apt 1051,Springfield,Illinois,United States,62764
257,158,shipping,709,Tony,Park,12th Floor,Washington,District of Columbia,United States,20575
258,569,mailing,455,Elmside,Center,Apt 1569,Atlanta,Georgia,United States,31196
259,999,shipping,7235,Bluestem,Point,19th Floor,Washington,District of Columbia,United States,20337
260,194,mailing,9728,Maple,Pass,Apt 733,Miami,Florida,United States,33190
261,680,billing,83,Homewood,Court,Room 1346,Hartford,Connecticut,United States,06140
262,368,shipping,5,Redwing,Lane,17th Floor,Las Vegas,Nevada,United States,89166
263,41,mailing,76192,Sauthoff,Crossing,7th Floor,Mobile,Alabama,United States,36605
264,688,billing,337,Moose,Hill,Room 746,Madison,Wisconsin,United States,53716
265,858,billing,49405,2nd,Court,PO Box 35610,Austin,Texas,United States,78769
266,423,billing,7662,Ruskin,Drive,Room 1840,Gainesville,Florida,United States,32610
267,520,billing,1215,Village,Avenue,Room 1529,Hialeah,Florida,United States,33013
268,584,billing,485,Manitowish,Point,Room 544,Manassas,Virginia,United States,22111
269,379,mailing,41524,Prairieview,Avenue,18th Floor,Atlanta,Georgia,United States,30323
270,33,billing,45209,Boyd,Point,7th Floor,Ogden,Utah,United States,84409
271,100,billing,02,Welch,Trail,Suite 10,Richmond,Virginia,United States,23242
272,254,mailing,7846,Redwing,Street,Suite 88,Hattiesburg,Mississippi,United States,39404
273,75,billing,2678,South,Alley,Room 287,Fort Lauderdale,Florida,United States,33305
274,61,billing,68202,Green,Junction,PO Box 56759,Portland,Oregon,United States,97296
275,87,billing,30558,Springview,Crossing,Suite 81,Saint Louis,Missouri,United States,63150
276,472,shipping,528,Melrose,Parkway,Suite 11,Saint Cloud,Minnesota,United States,56398
277,850,shipping,59,Banding,Pass,4th Floor,Baton Rouge,Louisiana,United States,70883
278,612,shipping,244,Carey,Avenue,7th Floor,Saint Louis,Missouri,United States,63169
279,849,mailing,85,Florence,Place,Apt 26,Largo,Florida,United States,33777
280,801,mailing,06168,Delladonna,Lane,Apt 282,Charlotte,North Carolina,United States,28289
281,59,mailing,0,Esker,Drive,PO Box 21108,Naples,Florida,United States,34114
282,37,billing,43,John Wall,Pass,Suite 39,Albany,New York,United States,12222
283,887,shipping,40298,Becker,Road,Apt 414,Portsmouth,New Hampshire,United States,00214
284,690,mailing,393,Continental,Lane,17th Floor,Tucson,Arizona,United States,85737
285,273,shipping,7053,Hayes,Trail,Suite 3,Utica,New York,United States,13505
286,750,shipping,7959,Kropf,Pass,PO Box 86583,Richmond,Virginia,United States,23228
287,423,mailing,0,Clemons,Crossing,Room 1101,Atlanta,Georgia,United States,30380
288,723,mailing,088,Continental,Pass,Room 1567,Vancouver,Washington,United States,98664
289,199,billing,867,Lotheville,Alley,Suite 2,Erie,Pennsylvania,United States,16550
290,896,mailing,61147,Lakeland,Lane,PO Box 98467,Durham,North Carolina,United States,27705
291,435,mailing,48146,Prentice,Park,Suite 25,Saint Louis,Missouri,United States,63180
292,581,billing,6,Messerschmidt,Park,Room 133,New Orleans,Louisiana,United States,70142
293,883,mailing,484,Arapahoe,Court,Apt 1512,Minneapolis,Minnesota,United States,55412
294,849,mailing,05,Walton,Place,PO Box 979,Atlanta,Georgia,United States,30343
295,15,billing,7,Oriole,Pass,Suite 19,Homestead,Florida,United States,33034
296,792,mailing,3,Kipling,Place,Suite 42,Fort Wayne,Indiana,United States,46814
297,701,mailing,240,Longview,Road,PO Box 33193,Brooklyn,New York,United States,11241
298,640,shipping,14,Vernon,Place,Apt 960,Irvine,California,United States,92710
299,424,shipping,57,Artisan,Way,PO Box 31093,Santa Rosa,California,United States,95405
300,243,shipping,5540,Blue Bill Park,Alley,PO Box 13037,Savannah,Georgia,United States,31410
301,859,shipping,8544,Kropf,Drive,Suite 83,Norfolk,Virginia,United States,23504
302,72,shipping,2,Oakridge,Street,15th Floor,Amarillo,Texas,United States,79118
303,788,mailing,130,Lighthouse Bay,Trail,Suite 18,New Haven,Connecticut,United States,06533
304,976,shipping,72591,Huxley,Court,Room 1715,Tulsa,Oklahoma,United States,74133
305,677,shipping,6563,4th,Street,PO Box 24022,Saint Paul,Minnesota,United States,55127
306,139,shipping,63370,Walton,Terrace,7th Floor,San Diego,California,United States,92186
307,807,shipping,670,Del Mar,Trail,Suite 34,Colorado Springs,Colorado,United States,80905
308,525,shipping,069,High Crossing,Court,PO Box 60246,West Palm Beach,Florida,United States,33405
309,937,shipping,2360,Mifflin,Court,PO Box 65632,Tulsa,Oklahoma,United States,74103
310,42,shipping,7709,Claremont,Junction,Apt 1696,Irvine,California,United States,92717
311,802,mailing,548,Barby,Lane,Room 1629,Topeka,Kansas,United States,66642
312,533,mailing,0184,Continental,Pass,Room 1864,Irvine,California,United States,92710
313,874,shipping,44854,Pond,Circle,Apt 68,Chicago,Illinois,United States,60636
314,580,billing,4,Mitchell,Road,7th Floor,Birmingham,Alabama,United States,35279
315,677,shipping,0871,Hollow Ridge,Court,Apt 71,Hagerstown,Maryland,United States,21747
316,698,shipping,6006,Elgar,Junction,15th Floor,Richmond,Virginia,United States,23237
317,528,mailing,08,Golf,Way,Suite 99,Maple Plain,Minnesota,United States,55579
318,54,billing,47410,New Castle,Circle,Suite 96,Little Rock,Arkansas,United States,72209
319,102,shipping,82779,Dapin,Alley,14th Floor,Bradenton,Florida,United States,34210
320,724,shipping,6579,Pawling,Road,15th Floor,Laredo,Texas,United States,78044
321,423,shipping,31578,Vermont,Street,Suite 10,Hartford,Connecticut,United States,06105
322,801,shipping,04,Bluestem,Junction,Room 327,Tulsa,Oklahoma,United States,74141
323,331,mailing,3984,Scott,Terrace,Room 963,Milwaukee,Wisconsin,United States,53277
324,753,billing,24581,Shopko,Alley,Apt 239,Atlanta,Georgia,United States,31106
325,771,mailing,151,Bobwhite,Place,Apt 1875,Amarillo,Texas,United States,79165
326,283,billing,264,Ilene,Trail,Suite 88,Great Neck,New York,United States,11024
327,846,billing,79448,Drewry,Parkway,Suite 46,Madison,Wisconsin,United States,53710
328,62,billing,3611,Brickson Park,Point,Apt 935,Saint Louis,Missouri,United States,63116
329,865,shipping,6,Kinsman,Center,Apt 760,Knoxville,Tennessee,United States,37995
330,663,mailing,3334,Beilfuss,Hill,1st Floor,Green Bay,Wisconsin,United States,54313
331,359,shipping,58,Hooker,Terrace,Suite 59,Nashville,Tennessee,United States,37220
332,599,shipping,1,Clemons,Way,PO Box 53859,Shreveport,Louisiana,United States,71166
333,649,shipping,62,Moland,Way,Suite 21,Tyler,Texas,United States,75710
334,306,billing,7487,Lukken,Junction,Apt 1516,Honolulu,Hawaii,United States,96805
335,171,mailing,40133,Upham,Parkway,Room 999,Syracuse,New York,United States,13217
336,247,shipping,577,Luster,Lane,2nd Floor,Tulsa,Oklahoma,United States,74116
337,176,mailing,219,Crownhardt,Crossing,Room 1856,Stamford,Connecticut,United States,06905
338,712,shipping,75,Ohio,Lane,Room 381,El Paso,Texas,United States,79945
339,617,mailing,32,Transport,Court,PO Box 26025,Paterson,New Jersey,United States,07522
340,824,billing,183,Express,Hill,11th Floor,Salem,Oregon,United States,97312
341,444,mailing,1,Sage,Circle,1st Floor,Indianapolis,Indiana,United States,46216
342,498,billing,90,Dahle,Plaza,PO Box 44647,Austin,Texas,United States,78703
343,280,shipping,06647,Ludington,Way,Apt 1421,Atlanta,Georgia,United States,30340
344,474,mailing,59219,Quincy,Pass,Apt 935,Chattanooga,Tennessee,United States,37410
345,456,billing,8,5th,Drive,2nd Floor,Jacksonville,Florida,United States,32215
346,560,shipping,9382,Northwestern,Terrace,Suite 96,Washington,District of Columbia,United States,20580
347,393,mailing,61741,Logan,Street,3rd Floor,Houston,Texas,United States,77201
348,227,billing,8281,Shelley,Lane,17th Floor,Pittsburgh,Pennsylvania,United States,15286
349,752,shipping,69484,International,Crossing,15th Floor,Washington,District of Columbia,United States,20551
350,205,mailing,785,Rowland,Point,Room 518,Atlanta,Georgia,United States,30301
351,454,shipping,9,Park Meadow,Avenue,PO Box 66579,Metairie,Louisiana,United States,70033
352,614,mailing,5,Carpenter,Street,15th Floor,Whittier,California,United States,90610
353,466,shipping,981,Heath,Lane,PO Box 41808,Las Cruces,New Mexico,United States,88006
354,544,billing,39453,Anzinger,Alley,Room 1167,Alexandria,Virginia,United States,22313
355,242,mailing,37325,Lotheville,Point,12th Floor,El Paso,Texas,United States,88546
356,444,shipping,00,Fuller,Hill,PO Box 65815,Albany,New York,United States,12237
357,511,billing,042,6th,Hill,Room 601,Dallas,Texas,United States,75251
358,245,shipping,3750,Grayhawk,Crossing,Room 993,Louisville,Kentucky,United States,40298
359,136,mailing,46463,Larry,Trail,Apt 1783,Columbus,Ohio,United States,43220
360,430,mailing,652,Columbus,Park,Room 1430,Pensacola,Florida,United States,32595
361,852,mailing,5,Waubesa,Junction,PO Box 28766,Pittsburgh,Pennsylvania,United States,15220
362,453,billing,29996,Prairieview,Crossing,PO Box 49920,Washington,District of Columbia,United States,20036
363,997,mailing,50226,Logan,Trail,Apt 486,Lawrenceville,Georgia,United States,30245
364,780,shipping,58164,Caliangt,Way,Suite 39,Tampa,Florida,United States,33647
365,376,shipping,1,Loomis,Parkway,PO Box 81727,San Diego,California,United States,92196
366,615,billing,6955,West,Crossing,Suite 38,Littleton,Colorado,United States,80127
367,650,billing,0,Aberg,Place,Suite 5,Dallas,Texas,United States,75397
368,628,billing,50,Oneill,Hill,Apt 1203,Lexington,Kentucky,United States,40510
369,22,shipping,03,Veith,Center,Suite 16,Saginaw,Michigan,United States,48604
370,112,billing,088,Valley Edge,Street,Apt 1530,Fort Wayne,Indiana,United States,46805
371,331,shipping,86,Banding,Alley,Apt 632,Las Vegas,Nevada,United States,89166
372,998,billing,191,Grayhawk,Junction,9th Floor,Flushing,New York,United States,11355
373,890,shipping,74980,Rowland,Parkway,Apt 1860,Gatesville,Texas,United States,76598
374,517,mailing,44897,Donald,Junction,16th Floor,Pittsburgh,Pennsylvania,United States,15220
375,184,billing,62,Pierstorff,Avenue,Apt 1720,Buffalo,New York,United States,14276
376,992,mailing,95,Arapahoe,Park,Apt 748,Riverside,California,United States,92513
377,810,billing,638,Sugar,Court,Room 477,San Antonio,Texas,United States,78260
378,494,mailing,350,Sullivan,Place,6th Floor,Oakland,California,United States,94611
379,563,shipping,46,Towne,Point,PO Box 58833,Cincinnati,Ohio,United States,45228
380,218,shipping,0,High Crossing,Alley,12th Floor,Roanoke,Virginia,United States,24014
381,375,mailing,20880,Cardinal,Trail,5th Floor,New York City,New York,United States,10292
382,943,shipping,1306,Debra,Parkway,Suite 83,Omaha,Nebraska,United States,68105
383,370,mailing,438,South,Drive,Apt 1913,Winter Haven,Florida,United States,33884
384,522,shipping,98,Hovde,Way,PO Box 90518,Irving,Texas,United States,75062
385,768,shipping,79977,Ramsey,Place,Room 1625,San Antonio,Texas,United States,78260
386,762,mailing,62524,Fulton,Lane,PO Box 48349,Washington,District of Columbia,United States,20057
387,199,shipping,0,Arizona,Crossing,Room 120,Clearwater,Florida,United States,33763
388,144,billing,320,Lindbergh,Drive,Suite 26,Columbus,Georgia,United States,31904
389,989,shipping,4087,Oakridge,Trail,18th Floor,Jacksonville,Florida,United States,32230
390,708,billing,15,Starling,Parkway,Suite 95,Springfield,Illinois,United States,62776
391,408,shipping,8,Claremont,Pass,14th Floor,Tacoma,Washington,United States,98481
392,51,mailing,47,Pankratz,Way,Room 639,Lansing,Michigan,United States,48956
393,973,mailing,74378,Raven,Alley,Apt 766,Fort Myers,Florida,United States,33913
394,207,shipping,14686,Loftsgordon,Place,Room 375,Miami,Florida,United States,33169
395,233,billing,4,Straubel,Terrace,Room 707,Spring Hill,Florida,United States,34611
396,279,mailing,1,Bartillon,Hill,PO Box 29849,Atlanta,Georgia,United States,31132
397,198,mailing,44436,Grim,Plaza,PO Box 32536,Lynchburg,Virginia,United States,24503
398,904,shipping,41,Loomis,Drive,17th Floor,El Paso,Texas,United States,88530
399,205,billing,886,Birchwood,Way,5th Floor,New York City,New York,United States,10184
400,197,shipping,7895,Almo,Place,Room 1814,Akron,Ohio,United States,44305
401,110,billing,470,Crest Line,Court,Suite 91,Phoenix,Arizona,United States,85053
402,442,mailing,674,Pepper Wood,Lane,Suite 86,Lansing,Michigan,United States,48930
403,902,mailing,73044,Blackbird,Drive,Room 1240,Philadelphia,Pennsylvania,United States,19191
404,631,shipping,40,Everett,Parkway,3rd Floor,Washington,District of Columbia,United States,20520
405,587,shipping,1870,Dawn,Junction,4th Floor,Orlando,Florida,United States,32885
406,522,shipping,095,Anhalt,Court,13th Floor,Pensacola,Florida,United States,32520
407,461,shipping,6549,Fordem,Alley,Room 958,West Palm Beach,Florida,United States,33421
408,823,billing,6,Hoepker,Point,PO Box 37371,Houston,Texas,United States,77020
409,720,billing,349,Red Cloud,Terrace,Suite 15,Gastonia,North Carolina,United States,28055
410,484,billing,9353,Melby,Pass,8th Floor,New Bedford,Massachusetts,United States,02745
411,841,mailing,08952,Evergreen,Terrace,PO Box 24738,Asheville,North Carolina,United States,28805
412,547,billing,297,Artisan,Junction,Apt 1823,Monticello,Minnesota,United States,55565
413,975,mailing,64417,Buhler,Lane,19th Floor,Jamaica,New York,United States,11436
414,987,shipping,3761,Portage,Point,Suite 28,Hartford,Connecticut,United States,06105
415,354,mailing,58,Bowman,Place,Suite 96,Pittsburgh,Pennsylvania,United States,15255
416,961,mailing,445,Morrow,Circle,Room 835,Pensacola,Florida,United States,32575
417,80,shipping,34,Lawn,Street,Room 152,Richmond,Virginia,United States,23293
418,515,shipping,8,Melrose,Drive,Apt 307,Raleigh,North Carolina,United States,27690
419,954,billing,087,Moland,Alley,Suite 12,Peoria,Illinois,United States,61614
420,258,mailing,9,Mayer,Park,PO Box 15446,Saint Petersburg,Florida,United States,33715
421,907,shipping,761,Brentwood,Lane,11th Floor,Tacoma,Washington,United States,98481
422,343,billing,669,Summit,Hill,Room 1508,Columbus,Ohio,United States,43231
423,188,shipping,39,Ronald Regan,Court,Apt 3,Tampa,Florida,United States,33625
424,240,billing,045,Oriole,Trail,6th Floor,Santa Clara,California,United States,95054
425,468,shipping,2,Katie,Road,PO Box 45212,Chicago,Illinois,United States,60609
426,132,billing,664,Shopko,Pass,Apt 360,Greensboro,North Carolina,United States,27404
427,499,shipping,5842,Meadow Ridge,Place,5th Floor,Macon,Georgia,United States,31217
428,946,billing,1627,Lotheville,Hill,Apt 1297,Seattle,Washington,United States,98115
429,223,billing,74570,Leroy,Street,PO Box 56270,New Haven,Connecticut,United States,06505
430,94,shipping,95,Sunbrook,Junction,6th Floor,Arvada,Colorado,United States,80005
431,724,billing,834,Northland,Place,Apt 1540,Cleveland,Ohio,United States,44125
432,185,mailing,9511,Farwell,Junction,16th Floor,Sacramento,California,United States,94297
433,475,billing,27,Oneill,Pass,Room 1478,Visalia,California,United States,93291
434,827,mailing,09,Thackeray,Park,12th Floor,Portland,Oregon,United States,97221
435,894,mailing,99,Sloan,Hill,Suite 67,Santa Ana,California,United States,92705
436,424,shipping,7388,Spohn,Park,PO Box 33942,Irvine,California,United States,92710
437,653,mailing,777,Elmside,Junction,Room 1583,Wilmington,North Carolina,United States,28405
438,709,billing,76,Bultman,Alley,Apt 1492,Iowa City,Iowa,United States,52245
439,461,mailing,21,Burrows,Plaza,Apt 1052,Pueblo,Colorado,United States,81010
440,989,shipping,673,Dahle,Avenue,Apt 1951,San Francisco,California,United States,94147
441,321,shipping,978,Muir,Center,Suite 68,Fredericksburg,Virginia,United States,22405
442,95,mailing,81,Coolidge,Park,PO Box 26394,Houston,Texas,United States,77085
443,676,shipping,99,Cherokee,Circle,PO Box 67990,Bozeman,Montana,United States,59771
444,434,mailing,1,Sommers,Avenue,9th Floor,Jacksonville,Florida,United States,32220
445,706,mailing,318,Bultman,Terrace,Apt 569,Los Angeles,California,United States,90055
446,439,shipping,858,Hagan,Court,Apt 63,El Paso,Texas,United States,79984
447,699,mailing,63831,Briar Crest,Alley,7th Floor,Charlotte,North Carolina,United States,28220
448,812,shipping,17739,Coolidge,Alley,Suite 73,Birmingham,Alabama,United States,35220
449,372,billing,96198,Burning Wood,Pass,Apt 1978,South Bend,Indiana,United States,46620
450,974,mailing,28,Meadow Ridge,Circle,PO Box 94685,Jamaica,New York,United States,11470
451,934,shipping,2430,Thierer,Park,Room 1923,Cincinnati,Ohio,United States,45233
452,456,billing,403,Truax,Terrace,PO Box 82611,Baton Rouge,Louisiana,United States,70810
453,615,billing,301,Pearson,Lane,Suite 24,Albany,New York,United States,12255
454,39,shipping,0620,Summerview,Terrace,Apt 487,El Paso,Texas,United States,79994
455,102,billing,9,Everett,Drive,Suite 28,Terre Haute,Indiana,United States,47812
456,335,mailing,1153,Corry,Center,PO Box 19653,Phoenix,Arizona,United States,85005
457,779,billing,79,Algoma,Street,14th Floor,Bethlehem,Pennsylvania,United States,18018
458,465,billing,44370,Sundown,Street,Room 1302,Washington,District of Columbia,United States,20540
459,94,billing,830,Mitchell,Alley,PO Box 97097,Phoenix,Arizona,United States,85083
460,21,billing,5,Talisman,Trail,Room 1559,Milwaukee,Wisconsin,United States,53205
461,577,mailing,4,Red Cloud,Terrace,Suite 95,Fairbanks,Alaska,United States,99709
462,998,mailing,672,Fairview,Avenue,Room 176,Miami Beach,Florida,United States,33141
463,260,shipping,34410,Main,Crossing,Room 964,Silver Spring,Maryland,United States,20910
464,324,mailing,8351,Moland,Street,Suite 78,Albany,New York,United States,12232
465,778,mailing,40889,Grover,Place,Apt 1976,Hartford,Connecticut,United States,06152
466,194,billing,51313,Daystar,Court,1st Floor,Norfolk,Virginia,United States,23504
467,414,mailing,6230,Tennyson,Hill,5th Floor,Davenport,Iowa,United States,52804
468,114,mailing,70304,Northland,Road,3rd Floor,Albany,New York,United States,12222
469,235,mailing,0,Superior,Court,4th Floor,Hollywood,Florida,United States,33023
470,387,shipping,89664,Anniversary,Circle,PO Box 94750,Cape Coral,Florida,United States,33915
471,330,shipping,4171,North,Circle,Room 691,Orlando,Florida,United States,32819
472,430,mailing,607,Graedel,Hill,4th Floor,Durham,North Carolina,United States,27710
473,157,billing,1693,Melvin,Terrace,Suite 29,Corpus Christi,Texas,United States,78415
474,896,mailing,05761,Doe Crossing,Street,Room 319,Miami,Florida,United States,33261
475,731,billing,03,Vahlen,Street,Apt 1223,Dallas,Texas,United States,75277
476,670,billing,58,Merchant,Avenue,Apt 1486,Orlando,Florida,United States,32825
477,854,billing,321,Westridge,Avenue,PO Box 27673,Seattle,Washington,United States,98175
478,390,mailing,906,Northland,Court,PO Box 86236,Pasadena,California,United States,91109
479,395,shipping,23,Thompson,Pass,9th Floor,Valdosta,Georgia,United States,31605
480,421,billing,7,Dottie,Drive,2nd Floor,San Bernardino,California,United States,92424
481,433,billing,3560,Victoria,Court,Apt 1767,Augusta,Georgia,United States,30905
482,584,mailing,89805,Reindahl,Drive,Apt 1015,New York City,New York,United States,10249
483,549,shipping,15460,Atwood,Trail,Room 872,Evansville,Indiana,United States,47737
484,434,mailing,065,Kensington,Crossing,Suite 76,Shreveport,Louisiana,United States,71105
485,380,billing,062,Mallory,Court,Apt 626,Washington,District of Columbia,United States,20404
486,883,billing,4268,Cordelia,Parkway,Room 276,Philadelphia,Pennsylvania,United States,19115
487,342,mailing,29907,Troy,Hill,Suite 6,Salt Lake City,Utah,United States,84110
488,491,mailing,76,Hanson,Plaza,Room 221,Gainesville,Florida,United States,32627
489,745,mailing,416,Schlimgen,Avenue,Apt 1637,Houston,Texas,United States,77025
490,95,mailing,073,Maryland,Drive,PO Box 43022,San Antonio,Texas,United States,78291
491,957,mailing,959,Golf,Court,Suite 77,Tuscaloosa,Alabama,United States,35405
492,174,billing,59582,Sherman,Drive,Apt 1190,Miami,Florida,United States,33196
493,764,mailing,43191,Jenifer,Alley,Suite 99,Frederick,Maryland,United States,21705
494,725,shipping,5572,Ridgeview,Place,Suite 88,Raleigh,North Carolina,United States,27621
495,196,billing,15117,Maywood,Hill,PO Box 18781,New Brunswick,New Jersey,United States,08922
496,539,mailing,748,Pawling,Avenue,PO Box 82343,Asheville,North Carolina,United States,28815
497,866,mailing,39894,Glacier Hill,Crossing,PO Box 75854,Rochester,New York,United States,14614
498,814,mailing,40,Warner,Crossing,Room 87,El Paso,Texas,United States,79923
499,558,mailing,32747,Rieder,Lane,Room 1864,Kansas City,Missouri,United States,64114
500,978,shipping,8858,Ohio,Trail,Apt 293,Amarillo,Texas,United States,79176
501,285,shipping,26868,Alpine,Junction,Apt 1158,Cincinnati,Ohio,United States,45203
502,595,shipping,19585,Spenser,Hill,Room 782,Reston,Virginia,United States,20195
503,337,mailing,05944,Loeprich,Drive,Suite 96,Fayetteville,North Carolina,United States,28314
504,234,billing,31,Doe Crossing,Park,4th Floor,Detroit,Michigan,United States,48295
505,864,shipping,3424,La Follette,Hill,PO Box 15611,Utica,New York,United States,13505
506,682,shipping,3,East,Drive,5th Floor,Salt Lake City,Utah,United States,84115
507,627,shipping,5,Brickson Park,Point,Room 8,Youngstown,Ohio,United States,44555
508,376,shipping,947,Pankratz,Circle,Suite 3,Houston,Texas,United States,77266
509,779,shipping,0718,Pine View,Avenue,Suite 20,Louisville,Kentucky,United States,40293
510,341,mailing,24840,Gale,Lane,Apt 1107,Sarasota,Florida,United States,34233
511,73,mailing,187,Glendale,Court,Suite 5,New York City,New York,United States,10099
512,486,shipping,1,David,Alley,PO Box 19772,Jersey City,New Jersey,United States,07310
513,419,billing,9,Boyd,Court,Room 740,Cincinnati,Ohio,United States,45213
514,625,mailing,6390,Paget,Pass,Apt 1886,Lake Charles,Louisiana,United States,70607
515,172,billing,17768,Banding,Pass,Apt 687,Wichita,Kansas,United States,67236
516,352,billing,56,Elgar,Lane,Apt 856,Oakland,California,United States,94627
517,206,mailing,5,Commercial,Plaza,Apt 1057,Rochester,New York,United States,14619
518,384,shipping,46,Carpenter,Circle,PO Box 20516,Pittsburgh,Pennsylvania,United States,15261
519,687,mailing,05,Nobel,Pass,PO Box 88129,Arlington,Virginia,United States,22244
520,577,billing,6,Little Fleur,Way,Suite 18,San Diego,California,United States,92176
521,764,mailing,6501,Prairieview,Park,PO Box 5790,Wilmington,North Carolina,United States,28410
522,894,mailing,994,Anthes,Junction,PO Box 6564,San Jose,California,United States,95150
523,590,billing,9363,Kropf,Parkway,10th Floor,Colorado Springs,Colorado,United States,80995
524,750,shipping,45,Swallow,Center,5th Floor,Midland,Texas,United States,79705
525,815,shipping,508,Orin,Plaza,Suite 80,Rochester,New York,United States,14646
526,259,billing,7748,Sage,Trail,Apt 1210,Dallas,Texas,United States,75277
527,192,shipping,072,Lotheville,Way,Room 1184,Los Angeles,California,United States,90050
528,646,mailing,309,Hudson,Plaza,3rd Floor,Atlanta,Georgia,United States,30301
529,568,billing,514,Union,Street,PO Box 14482,Tucson,Arizona,United States,85705
530,208,billing,0,Sommers,Junction,Suite 79,New York City,New York,United States,10203
531,448,shipping,7,Melody,Pass,Suite 87,Miami,Florida,United States,33147
532,982,mailing,8313,Ramsey,Lane,PO Box 2038,Dallas,Texas,United States,75236
533,247,mailing,28,Sloan,Lane,Apt 1935,Chicago,Illinois,United States,60652
534,179,billing,293,Magdeline,Way,PO Box 73766,Tampa,Florida,United States,33620
535,354,billing,30474,Hooker,Avenue,Apt 1962,Mesa,Arizona,United States,85215
536,376,billing,29693,Tennyson,Point,15th Floor,Dallas,Texas,United States,75392
537,312,billing,05916,Hooker,Drive,Room 597,Chicago,Illinois,United States,60619
538,637,billing,2509,Redwing,Parkway,Apt 697,Fullerton,California,United States,92640
539,436,billing,57524,Kensington,Circle,Apt 1761,Denver,Colorado,United States,80235
540,215,billing,38,Butterfield,Street,Apt 1098,Brooklyn,New York,United States,11215
541,238,shipping,84755,Westport,Parkway,17th Floor,Fort Worth,Texas,United States,76121
542,3,billing,0682,Westridge,Alley,PO Box 15766,Nashville,Tennessee,United States,37215
543,139,mailing,165,Briar Crest,Park,Suite 6,Atlanta,Georgia,United States,30386
544,411,mailing,853,Katie,Junction,PO Box 47632,Atlanta,Georgia,United States,30358
545,548,billing,0,Old Gate,Alley,PO Box 10294,Cleveland,Ohio,United States,44130
546,484,mailing,3,Garrison,Crossing,Apt 1465,Seattle,Washington,United States,98104
547,491,billing,42516,Nancy,Circle,2nd Floor,Newport Beach,California,United States,92662
548,944,mailing,812,Holy Cross,Hill,Room 1798,Orlando,Florida,United States,32868
549,643,mailing,7274,Bashford,Plaza,Suite 78,Colorado Springs,Colorado,United States,80935
550,852,shipping,5483,Gale,Lane,3rd Floor,Portsmouth,New Hampshire,United States,03804
551,465,shipping,1,Knutson,Park,Apt 1560,Atlanta,Georgia,United States,30316
552,288,billing,2,Columbus,Plaza,Suite 33,Sacramento,California,United States,94250
553,219,billing,4153,Express,Court,PO Box 71290,Honolulu,Hawaii,United States,96850
554,963,mailing,44718,Thierer,Place,Suite 62,Boston,Massachusetts,United States,02208
555,327,shipping,8,New Castle,Way,Apt 1733,Cambridge,Massachusetts,United States,02142
556,417,mailing,69,Manufacturers,Center,Suite 79,Grand Junction,Colorado,United States,81505
557,603,shipping,192,Atwood,Plaza,4th Floor,Dallas,Texas,United States,75251
558,64,billing,313,Luster,Court,PO Box 48306,Sacramento,California,United States,95894
559,303,mailing,1458,David,Pass,Room 932,Modesto,California,United States,95397
560,413,shipping,27482,Carioca,Alley,Room 923,Augusta,Georgia,United States,30911
561,25,billing,3,Anniversary,Way,Room 1157,Clearwater,Florida,United States,34629
562,300,shipping,963,Manufacturers,Alley,Suite 52,Corpus Christi,Texas,United States,78465
563,463,billing,0466,Paget,Junction,9th Floor,Buffalo,New York,United States,14225
564,103,shipping,095,Browning,Circle,15th Floor,Evansville,Indiana,United States,47747
565,120,billing,034,Gerald,Avenue,PO Box 96742,El Paso,Texas,United States,88569
566,12,billing,550,Hansons,Terrace,Apt 1259,Pittsburgh,Pennsylvania,United States,15220
567,707,mailing,8,Buhler,Pass,Suite 61,Salt Lake City,Utah,United States,84135
568,721,mailing,2021,Carpenter,Alley,3rd Floor,Lake Worth,Florida,United States,33467
569,878,mailing,063,Mitchell,Pass,Apt 644,Tampa,Florida,United States,33661
570,480,billing,01531,Fair Oaks,Court,Apt 1192,Houston,Texas,United States,77095
571,671,mailing,24139,Southridge,Circle,7th Floor,Jersey City,New Jersey,United States,07310
572,649,mailing,0,Superior,Junction,Apt 838,Spokane,Washington,United States,99220
573,332,billing,5,Debs,Drive,16th Floor,Albany,New York,United States,12237
574,32,mailing,45,Burrows,Hill,PO Box 39316,Cincinnati,Ohio,United States,45213
575,603,mailing,79081,Weeping Birch,Avenue,Apt 1944,Salt Lake City,Utah,United States,84140
576,784,billing,13486,Kropf,Court,Apt 662,San Antonio,Texas,United States,78225
577,112,shipping,07444,Farmco,Drive,PO Box 39654,Houston,Texas,United States,77040
578,500,mailing,436,Blackbird,Terrace,Apt 536,Norman,Oklahoma,United States,73071
579,245,billing,36,Stuart,Hill,9th Floor,Scranton,Pennsylvania,United States,18514
580,251,mailing,29959,Forest,Hill,Room 1705,Shawnee Mission,Kansas,United States,66210
581,686,billing,17,Oak,Terrace,13th Floor,Spartanburg,South Carolina,United States,29305
582,892,shipping,3199,Briar Crest,Alley,9th Floor,Cincinnati,Ohio,United States,45238
583,648,billing,935,School,Street,10th Floor,Glendale,Arizona,United States,85311
584,285,mailing,91346,Monica,Way,Suite 11,Charleston,West Virginia,United States,25389
585,540,shipping,38134,Helena,Pass,Apt 53,Tampa,Florida,United States,33610
586,283,mailing,58057,Acker,Drive,Suite 54,Atlanta,Georgia,United States,30336
587,361,mailing,14,Hermina,Parkway,PO Box 43135,Lubbock,Texas,United States,79405
588,718,billing,6076,Merchant,Hill,6th Floor,Chicago,Illinois,United States,60697
589,131,billing,552,Harbort,Way,Room 88,Pensacola,Florida,United States,32520
590,251,shipping,604,Fremont,Trail,Room 1303,Spokane,Washington,United States,99260
591,751,shipping,49104,Lakeland,Lane,2nd Floor,Lynchburg,Virginia,United States,24515
592,348,billing,6,Dorton,Place,PO Box 81673,Brooklyn,New York,United States,11231
593,220,mailing,8841,Lindbergh,Avenue,Room 798,Pasadena,California,United States,91131
594,428,shipping,279,Loftsgordon,Junction,Suite 76,New York City,New York,United States,10260
595,263,billing,46970,Victoria,Terrace,Room 514,Merrifield,Virginia,United States,22119
596,522,shipping,53087,Mcbride,Place,PO Box 80381,Reno,Nevada,United States,89595
597,938,mailing,4,Glendale,Park,Apt 1687,Riverside,California,United States,92513
598,378,billing,98,Sage,Road,Suite 77,Springfield,Massachusetts,United States,01105
599,619,shipping,67,Dexter,Parkway,Apt 1235,Jacksonville,Florida,United States,32236
600,334,billing,4,Sunfield,Hill,3rd Floor,Detroit,Michigan,United States,48242
601,793,mailing,81638,Eggendart,Point,Apt 1412,New Haven,Connecticut,United States,06538
602,181,shipping,136,Crownhardt,Avenue,3rd Floor,New Orleans,Louisiana,United States,70142
603,915,shipping,6987,Del Mar,Way,PO Box 40937,Bakersfield,California,United States,93386
604,215,mailing,91,Basil,Place,Suite 39,New York City,New York,United States,10014
605,948,shipping,2701,Elka,Plaza,Apt 503,Fairfax,Virginia,United States,22036
606,560,billing,49241,Hallows,Parkway,16th Floor,Reno,Nevada,United States,89505
607,735,mailing,82772,Bashford,Parkway,13th Floor,Denver,Colorado,United States,80243
608,562,billing,6823,Morning,Hill,Suite 100,Monticello,Minnesota,United States,55590
609,571,billing,8562,Eastwood,Road,PO Box 29145,Omaha,Nebraska,United States,68117
610,601,billing,8212,Manitowish,Drive,Suite 33,Dallas,Texas,United States,75372
611,147,mailing,8010,Rusk,Drive,Suite 80,Milwaukee,Wisconsin,United States,53220
612,932,billing,3,Daystar,Parkway,Apt 959,Dallas,Texas,United States,75379
613,284,mailing,7873,Sheridan,Avenue,Suite 42,Merrifield,Virginia,United States,22119
614,267,mailing,1,Monica,Way,Room 664,Topeka,Kansas,United States,66617
615,653,mailing,19,Victoria,Street,Room 1075,Charleston,West Virginia,United States,25305
616,493,billing,0,Pennsylvania,Pass,PO Box 70207,Saint Louis,Missouri,United States,63131
617,546,billing,804,Lake View,Terrace,3rd Floor,El Paso,Texas,United States,88569
618,97,billing,824,Vermont,Alley,2nd Floor,Oklahoma City,Oklahoma,United States,73157
619,853,billing,511,Del Sol,Junction,PO Box 12788,Columbus,Mississippi,United States,39705
620,425,mailing,514,Sachs,Trail,Suite 23,Canton,Ohio,United States,44710
621,993,shipping,17,Corben,Hill,Apt 1028,Jersey City,New Jersey,United States,07305
622,722,billing,6444,Shelley,Place,Room 1466,Miami,Florida,United States,33175
623,651,shipping,65308,Veith,Junction,6th Floor,Rochester,New York,United States,14646
624,76,mailing,6097,Commercial,Lane,Suite 45,Detroit,Michigan,United States,48275
625,325,shipping,35005,Ludington,Parkway,13th Floor,Charlotte,North Carolina,United States,28205
626,758,shipping,30,Summit,Parkway,Apt 1642,Saint Paul,Minnesota,United States,55115
627,75,shipping,785,Manufacturers,Court,Suite 72,Dallas,Texas,United States,75358
628,243,shipping,01,Mendota,Pass,5th Floor,Kansas City,Kansas,United States,66160
629,643,mailing,48899,Oakridge,Place,Suite 92,Saint Petersburg,Florida,United States,33715
630,712,mailing,1,Thompson,Park,16th Floor,Corpus Christi,Texas,United States,78415
631,271,mailing,0,Roth,Pass,Room 1563,New York City,New York,United States,10029
632,820,mailing,48,Brickson Park,Street,1st Floor,Fort Wayne,Indiana,United States,46896
633,240,mailing,9369,Carey,Alley,4th Floor,El Paso,Texas,United States,79940
634,35,shipping,37854,Crowley,Crossing,Suite 35,Los Angeles,California,United States,90040
635,621,shipping,8,Donald,Pass,Suite 48,Boise,Idaho,United States,83716
636,295,billing,01686,Stuart,Place,11th Floor,Huntsville,Alabama,United States,35815
637,696,mailing,5623,Rutledge,Court,PO Box 26041,Sioux Falls,South Dakota,United States,57188
638,217,mailing,8,Marquette,Point,PO Box 46086,Marietta,Georgia,United States,30066
639,74,billing,7,Glendale,Park,PO Box 50519,Austin,Texas,United States,78715
640,630,mailing,4,Oxford,Court,Suite 69,Washington,District of Columbia,United States,20016
641,764,mailing,35702,Artisan,Lane,Apt 1930,Los Angeles,California,United States,90071
642,444,shipping,2,Eastlawn,Terrace,Suite 10,Brooklyn,New York,United States,11254
643,204,billing,36737,Northport,Center,1st Floor,San Diego,California,United States,92186
644,669,billing,6541,Lukken,Parkway,8th Floor,Albany,New York,United States,12222
645,977,shipping,8142,Summer Ridge,Trail,7th Floor,Albany,New York,United States,12262
646,665,billing,5199,Farmco,Junction,7th Floor,Houston,Texas,United States,77240
647,684,mailing,96,Fisk,Parkway,Apt 447,Spring,Texas,United States,77386
648,591,billing,783,Jenna,Alley,Apt 432,Denver,Colorado,United States,80270
649,775,shipping,6,Independence,Circle,7th Floor,Saint Paul,Minnesota,United States,55123
650,547,billing,7,Golf Course,Park,Suite 25,Newark,New Jersey,United States,07188
651,492,mailing,89,Magdeline,Court,Apt 1618,Dallas,Texas,United States,75210
652,499,billing,531,Arapahoe,Junction,Apt 1252,Cleveland,Ohio,United States,44118
653,444,billing,014,Shasta,Pass,Room 2000,Irvine,California,United States,92710
654,453,mailing,451,Wayridge,Alley,Room 338,Salt Lake City,Utah,United States,84140
655,429,shipping,9696,Dapin,Parkway,4th Floor,Shawnee Mission,Kansas,United States,66215
656,529,shipping,98,Riverside,Avenue,2nd Floor,Boise,Idaho,United States,83705
657,348,shipping,44399,Messerschmidt,Way,Suite 3,Hartford,Connecticut,United States,06152
658,353,mailing,10762,Reindahl,Avenue,9th Floor,Springfield,Ohio,United States,45505
659,949,mailing,48929,Fair Oaks,Avenue,Suite 1,Santa Ana,California,United States,92725
660,179,shipping,3985,Northfield,Circle,Apt 1130,Sandy,Utah,United States,84093
661,750,billing,58,Trailsway,Lane,18th Floor,Cheyenne,Wyoming,United States,82007
662,692,billing,600,Waubesa,Trail,Apt 814,Charlotte,North Carolina,United States,28263
663,473,shipping,12685,Granby,Crossing,Apt 1639,North Little Rock,Arkansas,United States,72199
664,214,shipping,61,Killdeer,Pass,PO Box 56525,Jacksonville,Florida,United States,32236
665,357,mailing,607,Melody,Hill,Room 1008,Des Moines,Iowa,United States,50393
666,404,billing,3049,Glacier Hill,Pass,Apt 1953,Oklahoma City,Oklahoma,United States,73119
667,61,mailing,7082,Calypso,Terrace,3rd Floor,Colorado Springs,Colorado,United States,80945
668,644,shipping,30002,Lake View,Center,Room 721,San Jose,California,United States,95173
669,87,shipping,69,Iowa,Way,Suite 36,Vero Beach,Florida,United States,32964
670,571,billing,16541,Maywood,Junction,Room 670,Brooklyn,New York,United States,11225
671,696,billing,9656,Northfield,Avenue,Room 1092,Seattle,Washington,United States,98195
672,346,mailing,44,Derek,Lane,PO Box 84545,South Bend,Indiana,United States,46699
673,741,billing,43,Graedel,Street,Apt 1566,Corona,California,United States,92878
674,841,billing,299,Rutledge,Parkway,PO Box 68437,Huntington,West Virginia,United States,25726
675,884,mailing,1,Valley Edge,Court,Apt 1940,Boston,Massachusetts,United States,02208
676,335,shipping,532,Cardinal,Parkway,Room 932,New York City,New York,United States,10131
677,507,mailing,3,Farragut,Terrace,PO Box 87375,Monticello,Minnesota,United States,55590
678,528,shipping,814,Cordelia,Road,PO Box 83778,Pittsburgh,Pennsylvania,United States,15255
679,169,mailing,52633,Merry,Court,2nd Floor,Fayetteville,North Carolina,United States,28314
680,556,shipping,289,West,Point,Room 667,Allentown,Pennsylvania,United States,18105
681,84,billing,965,Spaight,Plaza,Apt 381,Tampa,Florida,United States,33661
682,332,mailing,0,Schmedeman,Park,Apt 871,Chicago,Illinois,United States,60636
683,418,mailing,35325,Hanson,Crossing,Room 818,Hartford,Connecticut,United States,06152
684,791,shipping,94169,Tennyson,Alley,Suite 18,Rochester,New York,United States,14614
685,363,mailing,6297,Dexter,Terrace,Apt 1836,San Mateo,California,United States,94405
686,572,shipping,83151,Monica,Point,4th Floor,Jamaica,New York,United States,11431
687,122,mailing,11,Pine View,Circle,Suite 73,Springfield,Illinois,United States,62718
688,238,shipping,253,1st,Plaza,PO Box 23100,Birmingham,Alabama,United States,35225
689,947,mailing,02187,Sunfield,Street,2nd Floor,Springfield,Ohio,United States,45505
690,452,mailing,01,Esker,Way,Apt 165,Huntington,West Virginia,United States,25726
691,833,billing,8355,Armistice,Road,Room 870,Irvine,California,United States,92710
692,161,shipping,96035,Northwestern,Parkway,PO Box 44176,Spokane,Washington,United States,99252
693,61,billing,887,Crest Line,Avenue,Room 1701,Gastonia,North Carolina,United States,28055
694,486,mailing,8,Sullivan,Road,Suite 93,Akron,Ohio,United States,44393
695,546,billing,7665,Scoville,Way,Apt 756,San Jose,California,United States,95150
696,311,mailing,62,Little Fleur,Hill,Suite 32,Visalia,California,United States,93291
697,916,mailing,5252,Bashford,Center,Suite 41,Ogden,Utah,United States,84409
698,9,billing,544,Stoughton,Plaza,PO Box 66421,Terre Haute,Indiana,United States,47805
699,739,mailing,2,Knutson,Terrace,PO Box 54988,Louisville,Kentucky,United States,40287
700,202,billing,28675,Sycamore,Crossing,Room 470,San Angelo,Texas,United States,76905
701,118,shipping,8,Lerdahl,Park,Suite 6,Chicago,Illinois,United States,60630
702,1,billing,0991,Mifflin,Street,Room 1077,Savannah,Georgia,United States,31410
703,904,shipping,9,Hintze,Court,Room 1715,Louisville,Kentucky,United States,40298
704,371,billing,2842,Union,Alley,6th Floor,Tulsa,Oklahoma,United States,74103
705,872,shipping,69986,Longview,Center,11th Floor,Louisville,Kentucky,United States,40287
706,860,mailing,92,Mendota,Pass,Room 1482,Los Angeles,California,United States,90025
707,689,shipping,4,Melody,Crossing,12th Floor,Boise,Idaho,United States,83732
708,511,shipping,3526,Grasskamp,Crossing,20th Floor,Charleston,West Virginia,United States,25331
709,206,mailing,71,Old Gate,Point,Room 1447,Houston,Texas,United States,77065
710,412,mailing,1911,Emmet,Trail,PO Box 85331,Indianapolis,Indiana,United States,46278
711,912,mailing,51,Transport,Pass,PO Box 19649,Seattle,Washington,United States,98148
712,29,mailing,61,Farragut,Terrace,Suite 23,San Jose,California,United States,95123
713,552,mailing,84,Browning,Center,Suite 42,Boston,Massachusetts,United States,02298
714,872,billing,0922,Monterey,Circle,Room 1581,Cumming,Georgia,United States,30130
715,675,shipping,65278,Banding,Park,Suite 63,Aurora,Illinois,United States,60505
716,442,shipping,2744,Esker,Road,Room 996,Asheville,North Carolina,United States,28805
717,273,mailing,94,Waywood,Parkway,PO Box 18743,Hartford,Connecticut,United States,06140
718,178,billing,84994,Rockefeller,Drive,Apt 1338,San Francisco,California,United States,94147
719,244,mailing,8,Bashford,Street,Suite 34,Stockton,California,United States,95219
720,148,billing,8137,Morningstar,Center,17th Floor,Carson City,Nevada,United States,89706
721,689,mailing,1,Mitchell,Place,PO Box 42997,Sioux City,Iowa,United States,51110
722,903,billing,5,Lerdahl,Street,PO Box 13692,Waterbury,Connecticut,United States,06726
723,505,mailing,07,Sommers,Point,Suite 33,Baltimore,Maryland,United States,21275
724,644,mailing,40134,Southridge,Junction,Room 1274,New Haven,Connecticut,United States,06510
725,910,mailing,03808,Kensington,Lane,20th Floor,Chicago,Illinois,United States,60681
726,714,mailing,0776,Paget,Parkway,Suite 47,Danbury,Connecticut,United States,06816
727,141,mailing,54482,Morning,Drive,1st Floor,Sacramento,California,United States,95823
728,430,mailing,53929,Dayton,Way,PO Box 26181,South Lake Tahoe,California,United States,96154
729,164,shipping,997,Buena Vista,Park,Suite 85,Pensacola,Florida,United States,32520
730,437,mailing,87010,Forest Dale,Circle,PO Box 3904,Las Cruces,New Mexico,United States,88006
731,376,billing,9170,Ruskin,Crossing,Apt 418,Grand Rapids,Michigan,United States,49510
732,833,billing,7,Vahlen,Junction,PO Box 15330,Salt Lake City,Utah,United States,84189
733,300,billing,4049,Leroy,Parkway,Apt 697,New York City,New York,United States,10045
734,443,billing,9600,Spaight,Drive,Apt 607,Arlington,Texas,United States,76016
735,830,shipping,11730,American,Lane,Room 811,Houston,Texas,United States,77281
736,398,mailing,588,Heath,Pass,PO Box 94544,Bradenton,Florida,United States,34210
737,601,mailing,74335,Dawn,Avenue,Suite 13,Glendale,Arizona,United States,85311
738,950,shipping,9,South,Lane,Suite 29,Corpus Christi,Texas,United States,78470
739,79,shipping,363,Bunting,Trail,3rd Floor,Watertown,Massachusetts,United States,02472
740,900,shipping,2049,Saint Paul,Hill,Apt 480,Wilmington,Delaware,United States,19805
741,524,mailing,28,Bluejay,Place,PO Box 63393,Birmingham,Alabama,United States,35295
742,597,billing,7061,Veith,Trail,18th Floor,Baton Rouge,Louisiana,United States,70805
743,166,mailing,997,Rutledge,Hill,Apt 1595,Fairfax,Virginia,United States,22036
744,99,shipping,50833,Loeprich,Place,Room 729,Roanoke,Virginia,United States,24004
745,896,mailing,1345,Bonner,Circle,PO Box 7386,Winston Salem,North Carolina,United States,27157
746,677,mailing,2,Summerview,Plaza,9th Floor,San Luis Obispo,California,United States,93407
747,572,billing,834,Buena Vista,Pass,PO Box 95360,Richmond,Virginia,United States,23228
748,511,mailing,8092,Gulseth,Point,Room 1030,Scottsdale,Arizona,United States,85271
749,42,mailing,2023,Melby,Drive,PO Box 60270,Chico,California,United States,95973
750,359,billing,6884,Riverside,Drive,Apt 628,Tampa,Florida,United States,33661
751,623,billing,4,Badeau,Court,Apt 1813,Fairbanks,Alaska,United States,99790
752,473,shipping,5,Judy,Avenue,Room 1641,Austin,Texas,United States,78754
753,847,mailing,29153,Grover,Place,PO Box 39417,New Haven,Connecticut,United States,06505
754,130,shipping,172,Reinke,Pass,Suite 26,Fort Lauderdale,Florida,United States,33310
755,848,shipping,71,Trailsway,Terrace,7th Floor,Cincinnati,Ohio,United States,45243
756,961,billing,79,Walton,Parkway,PO Box 63854,New Hyde Park,New York,United States,11044
757,745,billing,997,Graceland,Center,PO Box 57572,Pittsburgh,Pennsylvania,United States,15235
758,193,mailing,64,Packers,Plaza,Suite 22,Humble,Texas,United States,77346
759,946,billing,956,Waywood,Drive,PO Box 38361,Spokane,Washington,United States,99260
760,929,billing,04,Elmside,Center,Apt 634,Washington,District of Columbia,United States,20088
761,632,shipping,6,Summerview,Crossing,Suite 23,Washington,District of Columbia,United States,20319
762,36,billing,83,Morning,Junction,PO Box 41298,Tulsa,Oklahoma,United States,74108
763,374,shipping,39,East,Trail,15th Floor,Atlanta,Georgia,United States,30328
764,85,mailing,414,Shelley,Pass,Suite 34,Virginia Beach,Virginia,United States,23459
765,138,billing,234,Maple,Terrace,Apt 1322,Amarillo,Texas,United States,79188
766,562,mailing,54172,Corry,Junction,6th Floor,Atlanta,Georgia,United States,30351
767,230,shipping,2,Commercial,Way,Apt 1924,Delray Beach,Florida,United States,33448
768,787,shipping,079,Manitowish,Drive,Apt 1409,Corpus Christi,Texas,United States,78415
769,767,mailing,645,Del Mar,Way,Apt 503,Santa Barbara,California,United States,93150
770,142,billing,08876,Hagan,Center,3rd Floor,Miami,Florida,United States,33111
771,985,billing,1,Sutteridge,Center,Room 600,Las Vegas,Nevada,United States,89150
772,954,mailing,38,Dayton,Street,Room 324,Richmond,Virginia,United States,23242
773,248,billing,52406,Fieldstone,Avenue,PO Box 97549,Shawnee Mission,Kansas,United States,66276
774,182,shipping,36,Westerfield,Plaza,Suite 16,Nashville,Tennessee,United States,37228
775,121,mailing,6179,Homewood,Avenue,Apt 1971,Austin,Texas,United States,78726
776,328,mailing,7,Loeprich,Road,Room 673,Daytona Beach,Florida,United States,32118
777,354,shipping,8,Eastwood,Lane,Room 460,Gastonia,North Carolina,United States,28055
778,861,shipping,35671,Orin,Place,18th Floor,Madison,Wisconsin,United States,53716
779,568,billing,13796,5th,Point,PO Box 21574,Ogden,Utah,United States,84403
780,141,mailing,1,Briar Crest,Road,Suite 35,Bronx,New York,United States,10454
781,587,mailing,91206,Donald,Center,PO Box 2270,Maple Plain,Minnesota,United States,55579
782,267,shipping,8,Veith,Avenue,Suite 8,Shawnee Mission,Kansas,United States,66205
783,382,shipping,38,Laurel,Avenue,12th Floor,Pasadena,California,United States,91199
784,33,shipping,84,Everett,Alley,Suite 6,Van Nuys,California,United States,91499
785,164,shipping,47,Cardinal,Lane,Apt 1046,Houston,Texas,United States,77293
786,739,shipping,713,Canary,Hill,9th Floor,Stamford,Connecticut,United States,06912
787,824,shipping,0,Stone Corner,Park,Apt 304,Elizabeth,New Jersey,United States,07208
788,929,billing,80534,Maple Wood,Plaza,8th Floor,Kansas City,Missouri,United States,64179
789,435,mailing,5297,Merchant,Crossing,Room 1636,Saint Paul,Minnesota,United States,55103
790,853,billing,98581,New Castle,Junction,Apt 1382,Albuquerque,New Mexico,United States,87121
791,558,shipping,3,Ridgeview,Crossing,Suite 56,Springfield,Illinois,United States,62756
792,172,shipping,350,Hanover,Junction,4th Floor,Albany,New York,United States,12232
793,976,mailing,26517,Forest Dale,Road,Room 639,Cleveland,Ohio,United States,44111
794,645,shipping,698,Trailsway,Crossing,Apt 16,Tacoma,Washington,United States,98464
795,372,mailing,0595,High Crossing,Trail,Room 248,Atlanta,Georgia,United States,30375
796,14,shipping,47611,Hovde,Point,Room 783,Evansville,Indiana,United States,47747
797,892,billing,87126,Moland,Alley,PO Box 44247,Austin,Texas,United States,78726
798,801,shipping,642,Carioca,Alley,PO Box 80170,Fort Collins,Colorado,United States,80525
799,944,mailing,5,Pennsylvania,Park,Suite 34,El Paso,Texas,United States,88514
800,761,billing,25,Susan,Park,14th Floor,Trenton,New Jersey,United States,08650
801,272,mailing,3954,Little Fleur,Junction,Apt 88,Mobile,Alabama,United States,36689
802,886,billing,22,Melrose,Pass,Suite 88,Fort Lauderdale,Florida,United States,33355
803,708,mailing,9421,Evergreen,Place,Room 376,Salt Lake City,Utah,United States,84105
804,488,mailing,301,Hanson,Junction,Apt 1937,Toledo,Ohio,United States,43615
805,334,shipping,418,Darwin,Way,Suite 30,Canton,Ohio,United States,44705
806,766,mailing,9919,Spaight,Street,Apt 1426,Naples,Florida,United States,34102
807,535,mailing,3708,Chinook,Terrace,4th Floor,Panama City,Florida,United States,32405
808,292,shipping,6585,Lyons,Court,PO Box 50758,Tacoma,Washington,United States,98442
809,612,shipping,5,Victoria,Court,Room 1546,Detroit,Michigan,United States,48224
810,2,billing,83005,Loeprich,Way,Apt 1520,Minneapolis,Minnesota,United States,55412
811,883,mailing,84555,Rieder,Circle,PO Box 51704,Colorado Springs,Colorado,United States,80920
812,833,mailing,20,Ridgeview,Lane,PO Box 91096,Lexington,Kentucky,United States,40591
813,835,mailing,1922,Barnett,Trail,Room 502,Detroit,Michigan,United States,48275
814,547,billing,3547,Bonner,Court,Apt 129,Bronx,New York,United States,10459
815,749,shipping,91012,Brickson Park,Street,Room 825,Brooklyn,New York,United States,11215
816,865,mailing,4,Badeau,Park,Apt 1826,Chicago,Illinois,United States,60646
817,310,billing,6895,Riverside,Pass,Suite 92,Morgantown,West Virginia,United States,26505
818,905,mailing,73931,Scott,Avenue,Apt 1247,Cleveland,Ohio,United States,44125
819,726,mailing,1718,Warbler,Trail,Room 531,Charlotte,North Carolina,United States,28242
820,596,mailing,2510,Harbort,Parkway,Room 158,Columbus,Ohio,United States,43204
821,481,shipping,3405,Morning,Court,Suite 76,Gainesville,Florida,United States,32610
822,702,shipping,815,Tennessee,Court,Suite 53,Carson City,Nevada,United States,89714
823,194,mailing,3596,Spohn,Junction,12th Floor,Vienna,Virginia,United States,22184
824,541,shipping,1882,Manufacturers,Center,Room 626,Buffalo,New York,United States,14233
825,557,shipping,1,Blaine,Park,10th Floor,Toledo,Ohio,United States,43635
826,108,billing,9,Sycamore,Road,Room 1077,Fresno,California,United States,93762
827,222,mailing,9561,Vidon,Drive,Room 1929,Newport Beach,California,United States,92662
828,198,shipping,28,Mallory,Junction,20th Floor,El Paso,Texas,United States,79905
829,449,shipping,93272,Carioca,Road,Suite 17,Huntsville,Texas,United States,77343
830,185,shipping,1850,Nancy,Court,14th Floor,Norman,Oklahoma,United States,73071
831,880,shipping,0643,Valley Edge,Point,Room 462,Tulsa,Oklahoma,United States,74141
832,290,shipping,3776,Cascade,Pass,Suite 39,Brooklyn,New York,United States,11236
833,967,shipping,442,Warner,Park,Apt 1496,Milwaukee,Wisconsin,United States,53205
834,136,shipping,57,Buhler,Crossing,9th Floor,Davenport,Iowa,United States,52804
835,921,billing,12615,Kings,Hill,Suite 8,Clearwater,Florida,United States,33763
836,113,shipping,63944,Bunker Hill,Junction,PO Box 43071,San Jose,California,United States,95160
837,329,mailing,281,Eastwood,Road,Room 1034,Springfield,Massachusetts,United States,01105
838,216,shipping,3,Hanover,Street,Apt 1517,Trenton,New Jersey,United States,08608
839,759,mailing,3,John Wall,Street,Suite 19,Warren,Ohio,United States,44485
840,308,mailing,87,Fairfield,Lane,Apt 114,Arlington,Texas,United States,76004
841,922,shipping,2183,Sullivan,Terrace,Apt 903,New York City,New York,United States,10155
842,350,shipping,4208,Anniversary,Circle,Apt 1213,Scranton,Pennsylvania,United States,18514
843,861,shipping,7,Sheridan,Place,Apt 110,Baltimore,Maryland,United States,21239
844,402,shipping,580,Hayes,Avenue,5th Floor,Peoria,Illinois,United States,61635
845,2,shipping,6,Orin,Court,PO Box 75013,Pueblo,Colorado,United States,81010
846,283,mailing,8824,Clemons,Center,PO Box 67249,New York City,New York,United States,10160
847,266,mailing,3576,Lakewood,Hill,Apt 254,Austin,Texas,United States,78726
848,414,mailing,3218,7th,Circle,Apt 947,Washington,District of Columbia,United States,20238
849,469,mailing,5519,Talmadge,Parkway,Apt 986,Las Vegas,Nevada,United States,89166
850,887,mailing,4,Loomis,Lane,Apt 987,Topeka,Kansas,United States,66699
851,324,mailing,02,Cambridge,Court,Suite 100,Anaheim,California,United States,92825
852,259,billing,702,Aberg,Drive,Room 1372,Fresno,California,United States,93750
853,503,billing,4,Arapahoe,Circle,Suite 8,Charleston,West Virginia,United States,25336
854,801,mailing,53,Alpine,Road,6th Floor,Lincoln,Nebraska,United States,68505
855,474,shipping,7915,Raven,Plaza,Suite 20,Montgomery,Alabama,United States,36134
856,70,shipping,6,6th,Road,Suite 51,Olympia,Washington,United States,98506
857,538,billing,52,Logan,Trail,13th Floor,Salem,Oregon,United States,97312
858,29,mailing,585,Eastwood,Circle,Suite 87,Mesa,Arizona,United States,85215
859,215,shipping,63392,Springs,Lane,Room 1362,Brooklyn,New York,United States,11241
860,348,mailing,8,Dunning,Terrace,Room 1543,Waterbury,Connecticut,United States,06721
861,542,shipping,93,Russell,Place,Apt 1700,Detroit,Michigan,United States,48217
862,727,mailing,53,Tennyson,Avenue,Apt 1665,Memphis,Tennessee,United States,38181
863,416,mailing,6761,Heffernan,Trail,PO Box 40457,Akron,Ohio,United States,44305
864,691,billing,85131,Esker,Lane,15th Floor,Hamilton,Ohio,United States,45020
865,241,shipping,87,Buell,Junction,Room 1464,Lexington,Kentucky,United States,40510
866,51,shipping,3920,Park Meadow,Lane,PO Box 11215,Terre Haute,Indiana,United States,47812
867,725,shipping,20501,Mcguire,Place,PO Box 40860,Honolulu,Hawaii,United States,96815
868,45,billing,2,Jackson,Avenue,PO Box 19624,Huntsville,Alabama,United States,35815
869,119,mailing,6247,Heath,Point,Room 667,Lancaster,Pennsylvania,United States,17622
870,523,shipping,7,Little Fleur,Circle,PO Box 49001,San Bernardino,California,United States,92424
871,176,mailing,3773,Waxwing,Pass,Room 407,Kansas City,Missouri,United States,64109
872,240,shipping,0,Grover,Pass,Apt 787,Southfield,Michigan,United States,48076
873,120,shipping,5739,Lakeland,Way,Apt 1872,Saint Petersburg,Florida,United States,33710
874,939,shipping,0625,Ridgeview,Parkway,PO Box 64369,Merrifield,Virginia,United States,22119
875,326,mailing,34,Gerald,Plaza,Room 481,Vancouver,Washington,United States,98682
876,535,shipping,04,Atwood,Place,Apt 1571,New York City,New York,United States,10160
877,64,mailing,913,Elmside,Place,PO Box 48741,Indianapolis,Indiana,United States,46202
878,76,shipping,1193,Cody,Circle,Apt 1245,Houston,Texas,United States,77055
879,770,shipping,31,Pearson,Court,8th Floor,Saint Louis,Missouri,United States,63150
880,531,mailing,251,Luster,Junction,Apt 1805,Topeka,Kansas,United States,66629
881,626,mailing,693,Hintze,Hill,Apt 1468,El Paso,Texas,United States,79984
882,634,billing,50,Carioca,Plaza,PO Box 86970,Anaheim,California,United States,92812
883,258,shipping,4235,Lakewood Gardens,Trail,Room 73,Carol Stream,Illinois,United States,60158
884,156,mailing,6,Laurel,Alley,PO Box 38994,San Rafael,California,United States,94913
885,656,shipping,83606,Anhalt,Avenue,Room 1774,Birmingham,Alabama,United States,35205
886,457,mailing,6002,Westport,Point,Room 1100,South Lake Tahoe,California,United States,96154
887,537,shipping,958,Pine View,Place,Room 1820,Bethlehem,Pennsylvania,United States,18018
888,215,billing,2802,Bartillon,Pass,Apt 1952,Washington,District of Columbia,United States,20057
889,805,billing,8,South,Point,14th Floor,El Paso,Texas,United States,88553
890,327,shipping,452,Raven,Pass,Apt 16,Melbourne,Florida,United States,32919
891,619,shipping,37,Bartelt,Alley,Room 1513,Miami,Florida,United States,33147
892,845,mailing,8,Petterle,Drive,Suite 6,Saint Louis,Missouri,United States,63143
893,508,shipping,6,Portage,Lane,19th Floor,El Paso,Texas,United States,88569
894,8,shipping,96274,Bonner,Park,Suite 2,Memphis,Tennessee,United States,38150
895,370,mailing,4,Hallows,Trail,Room 1047,Murfreesboro,Tennessee,United States,37131
896,683,shipping,4758,Oak,Hill,Suite 97,Oklahoma City,Oklahoma,United States,73197
897,236,shipping,321,Lunder,Hill,PO Box 40251,Memphis,Tennessee,United States,38104
898,155,shipping,4012,Beilfuss,Terrace,PO Box 59786,Los Angeles,California,United States,90101
899,797,shipping,65877,Iowa,Street,Room 1323,Pueblo,Colorado,United States,81015
900,375,shipping,2,Mcbride,Place,PO Box 1540,Charleston,West Virginia,United States,25336
901,58,billing,2727,Riverside,Way,20th Floor,Huntington,West Virginia,United States,25711
902,981,shipping,0587,Sage,Junction,Apt 1384,Chandler,Arizona,United States,85246
903,292,mailing,216,Superior,Hill,Room 1422,Mobile,Alabama,United States,36689
904,272,mailing,88,Arizona,Circle,Suite 54,Billings,Montana,United States,59105
905,665,shipping,35189,Mallory,Drive,PO Box 12638,Albany,New York,United States,12232
906,18,mailing,1,Roxbury,Avenue,PO Box 80923,San Diego,California,United States,92153
907,539,mailing,03,Claremont,Crossing,Room 1452,Pasadena,California,United States,91109
908,528,billing,69,Birchwood,Alley,11th Floor,Salt Lake City,Utah,United States,84189
909,278,mailing,0573,Golf,Avenue,17th Floor,Saint Paul,Minnesota,United States,55127
910,501,shipping,779,Bonner,Court,Apt 1627,Stockton,California,United States,95210
911,397,shipping,930,Granby,Circle,Apt 234,Peoria,Illinois,United States,61651
912,374,shipping,044,Vernon,Terrace,Room 1540,Minneapolis,Minnesota,United States,55412
913,536,mailing,137,Lindbergh,Point,12th Floor,Detroit,Michigan,United States,48217
914,75,billing,67468,Kenwood,Avenue,Room 861,Jackson,Mississippi,United States,39236
915,406,shipping,2222,Westport,Street,Room 1325,Fort Worth,Texas,United States,76110
916,468,billing,71728,Pennsylvania,Lane,6th Floor,Washington,District of Columbia,United States,20036
917,44,mailing,25,Portage,Avenue,Suite 12,Norcross,Georgia,United States,30092
918,619,mailing,85437,Pierstorff,Crossing,Suite 33,Katy,Texas,United States,77493
919,519,billing,65291,Kennedy,Hill,Apt 555,Hartford,Connecticut,United States,06120
920,388,mailing,9948,Northport,Plaza,18th Floor,Worcester,Massachusetts,United States,01610
921,702,billing,2921,Spohn,Court,Room 1435,Santa Barbara,California,United States,93150
922,73,mailing,85596,Annamark,Drive,Suite 100,Houston,Texas,United States,77271
923,389,billing,83,Dexter,Crossing,Apt 1337,Bronx,New York,United States,10474
924,293,mailing,64,Helena,Crossing,PO Box 61774,Valdosta,Georgia,United States,31605
925,314,billing,0,Gulseth,Place,Apt 1616,Pittsburgh,Pennsylvania,United States,15210
926,274,billing,9876,Emmet,Hill,Room 1085,Wilmington,North Carolina,United States,28410
927,402,billing,6290,Blaine,Parkway,PO Box 70960,Modesto,California,United States,95354
928,464,shipping,77,Eastwood,Street,Room 49,Green Bay,Wisconsin,United States,54305
929,853,billing,7,Moland,Parkway,Room 985,Charleston,West Virginia,United States,25331
930,510,billing,51,Kings,Court,Apt 1499,Boston,Massachusetts,United States,02124
931,333,billing,6,Tennessee,Road,Suite 66,Lake Worth,Florida,United States,33467
932,748,billing,36,Hermina,Junction,PO Box 94405,Salt Lake City,Utah,United States,84145
933,997,billing,00968,Dayton,Way,Room 499,Warren,Ohio,United States,44485
934,277,billing,1309,Anniversary,Way,PO Box 63935,Colorado Springs,Colorado,United States,80910
935,499,shipping,5,Commercial,Junction,Room 881,Great Neck,New York,United States,11024
936,143,billing,3,Sugar,Center,15th Floor,Richmond,Virginia,United States,23277
937,804,mailing,28,Hanover,Pass,7th Floor,El Paso,Texas,United States,79950
938,350,mailing,105,Nevada,Point,Suite 61,San Diego,California,United States,92145
939,920,shipping,37,Anzinger,Hill,PO Box 89716,Las Vegas,Nevada,United States,89155
940,13,mailing,7384,Steensland,Point,5th Floor,Sioux Falls,South Dakota,United States,57105
941,932,mailing,29,Maple,Crossing,1st Floor,Tallahassee,Florida,United States,32304
942,251,billing,382,Harbort,Way,Suite 78,Shawnee Mission,Kansas,United States,66276
943,376,shipping,5041,Derek,Court,Room 1781,Sacramento,California,United States,94273
944,540,shipping,95942,Novick,Park,PO Box 7300,El Paso,Texas,United States,88558
945,709,billing,98813,Shopko,Terrace,Room 204,Monticello,Minnesota,United States,55585
946,787,billing,4,3rd,Avenue,19th Floor,Honolulu,Hawaii,United States,96820
947,178,mailing,61433,Waubesa,Drive,Room 1522,Washington,District of Columbia,United States,20205
948,689,billing,83,Loftsgordon,Drive,PO Box 40833,Phoenix,Arizona,United States,85035
949,315,billing,3984,Esch,Terrace,PO Box 89388,Denver,Colorado,United States,80291
950,65,mailing,06095,Reindahl,Lane,Room 1814,Philadelphia,Pennsylvania,United States,19151
951,809,shipping,13900,Starling,Point,17th Floor,Ocala,Florida,United States,34479
952,943,shipping,199,Briar Crest,Junction,PO Box 51011,Spokane,Washington,United States,99252
953,878,billing,27741,Hallows,Park,8th Floor,Inglewood,California,United States,90310
954,271,billing,7,Little Fleur,Center,Room 1685,Fort Myers,Florida,United States,33906
955,496,mailing,69394,Loftsgordon,Plaza,Suite 42,Mobile,Alabama,United States,36616
956,127,mailing,94435,Dovetail,Crossing,Room 1775,New York City,New York,United States,10184
957,174,mailing,0374,Ludington,Alley,PO Box 83602,Lake Worth,Florida,United States,33467
958,754,shipping,36978,Hagan,Pass,Suite 75,Brooklyn,New York,United States,11205
959,428,billing,08539,Wayridge,Way,Apt 1836,Springfield,Illinois,United States,62776
960,659,mailing,8,Columbus,Circle,17th Floor,Salt Lake City,Utah,United States,84125
961,39,shipping,431,Cordelia,Trail,Room 536,Bronx,New York,United States,10474
962,315,mailing,8156,Springview,Parkway,Apt 918,Brooklyn,New York,United States,11225
963,140,shipping,4,Prairie Rose,Way,Apt 121,Gulfport,Mississippi,United States,39505
964,654,mailing,1862,Calypso,Road,Room 155,Fairbanks,Alaska,United States,99709
965,912,shipping,965,Delaware,Road,PO Box 18872,Grand Rapids,Michigan,United States,49560
966,366,billing,60556,Holy Cross,Park,Room 1242,Salt Lake City,Utah,United States,84199
967,706,billing,88108,Washington,Park,Suite 44,Brooklyn,New York,United States,11231
968,96,shipping,1369,Graedel,Point,2nd Floor,Sparks,Nevada,United States,89436
969,416,billing,5403,Dwight,Park,10th Floor,Bronx,New York,United States,10474
970,767,shipping,2,Grasskamp,Lane,1st Floor,Dallas,Texas,United States,75260
971,53,mailing,88093,Northview,Court,Apt 728,Salt Lake City,Utah,United States,84145
972,197,billing,705,Maple Wood,Plaza,12th Floor,Katy,Texas,United States,77493
973,133,billing,87135,Nevada,Point,18th Floor,Colorado Springs,Colorado,United States,80910
974,2,mailing,03202,Bunker Hill,Court,Suite 52,Salt Lake City,Utah,United States,84145
975,522,billing,213,Lyons,Park,PO Box 29496,Los Angeles,California,United States,90094
976,940,shipping,82457,Lotheville,Center,Room 265,Birmingham,Alabama,United States,35279
977,896,mailing,6,Donald,Hill,PO Box 20671,Norfolk,Virginia,United States,23504
978,20,shipping,7951,Duke,Parkway,Room 658,Springfield,Missouri,United States,65805
979,50,shipping,14215,Rusk,Drive,1st Floor,Winston Salem,North Carolina,United States,27157
980,347,billing,2422,Trailsway,Crossing,12th Floor,Springfield,Illinois,United States,62756
981,596,mailing,08249,Sycamore,Place,PO Box 92141,Ann Arbor,Michigan,United States,48107
982,106,billing,231,Golf Course,Circle,Room 94,Henderson,Nevada,United States,89074
983,682,mailing,5,Rusk,Way,PO Box 3021,Springfield,Illinois,United States,62711
984,465,billing,3,Derek,Crossing,Apt 30,South Bend,Indiana,United States,46620
985,661,shipping,076,Spenser,Junction,Suite 2,Trenton,New Jersey,United States,08695
986,781,mailing,55037,Hanover,Avenue,PO Box 21050,Tucson,Arizona,United States,85743
987,672,mailing,48617,Blaine,Court,Apt 1832,Jamaica,New York,United States,11431
988,75,shipping,2,Kennedy,Street,2nd Floor,San Jose,California,United States,95133
989,91,shipping,153,Oakridge,Trail,Apt 981,Richmond,Virginia,United States,23220
990,699,billing,80192,Dunning,Center,PO Box 27377,Dallas,Texas,United States,75367
991,736,shipping,3108,Talisman,Lane,Room 1014,Norwalk,Connecticut,United States,06854
992,36,billing,0,Bartelt,Pass,PO Box 55669,Pasadena,California,United States,91199
993,649,billing,39897,Fordem,Pass,Room 85,Springfield,Ohio,United States,45505
994,742,shipping,15461,Summit,Circle,PO Box 23303,Columbia,South Carolina,United States,29220
995,619,shipping,396,Bartelt,Junction,Apt 623,Bethesda,Maryland,United States,20816
996,618,shipping,2,Towne,Point,Room 1780,Tampa,Florida,United States,33673
997,827,shipping,09,Forest,Street,18th Floor,Huntsville,Alabama,United States,35805
998,973,shipping,245,Dakota,Crossing,Suite 7,Charleston,West Virginia,United States,25356
999,755,mailing,9,Mallory,Lane,PO Box 68313,Denver,Colorado,United States,80204
1000,131,billing,223,Service,Hill,Apt 288,Detroit,Michigan,United States,48295
